{"cameraMode":{"drawMode":0,"name":"Shaded","section":"Shading Mode"},"sceneLighting":false,"audioPlay":false,"sceneViewState":{"showFog":true,"showMaterialUpdate":false,"showSkybox":false,"showFlares":true,"showImageEffects":true,"showParticleSystems":true},"in2DMode":false,"pivot":{"x":718.6094970703125,"y":1544.0,"z":8.459688186645508},"rotation":{"x":-0.18072064220905305,"y":0.2738770842552185,"z":-0.05247260257601738,"w":-0.9431915283203125},"size":1704.2335205078125,"orthographic":false}