{"cameraMode":{"drawMode":0,"name":"Shaded","section":"Shading Mode"},"sceneLighting":false,"audioPlay":false,"sceneViewState":{"showFog":true,"showMaterialUpdate":false,"showSkybox":false,"showFlares":true,"showImageEffects":true,"showParticleSystems":true},"in2DMode":false,"pivot":{"x":6.287153244018555,"y":4.706411361694336,"z":-0.5753942728042603},"rotation":{"x":-0.07234887778759003,"y":0.702147901058197,"z":-0.07208802551031113,"w":-0.7046789526939392},"size":1.2159614562988282,"orthographic":false}