{"cameraMode":{"drawMode":0,"name":"Shaded","section":"Shading Mode"},"sceneLighting":false,"audioPlay":false,"sceneViewState":{"showFog":true,"showMaterialUpdate":false,"showSkybox":false,"showFlares":true,"showImageEffects":true,"showParticleSystems":true},"in2DMode":false,"pivot":{"x":0.0,"y":0.44602343440055849,"z":-0.08728188276290894},"rotation":{"x":-0.005185197573155165,"y":0.9887655973434448,"z":-0.14520245790481568,"w":-0.03531165421009064},"size":1.3987797498703004,"orthographic":false}