{"cameraMode":{"drawMode":0,"name":"Shaded","section":"Shading Mode"},"sceneLighting":false,"audioPlay":false,"sceneViewState":{"showFog":true,"showMaterialUpdate":false,"showSkybox":false,"showFlares":true,"showImageEffects":true,"showParticleSystems":true},"in2DMode":false,"pivot":{"x":0.7554905414581299,"y":0.35159170627593996,"z":0.3138824701309204},"rotation":{"x":-0.0876559168100357,"y":0.4888240098953247,"z":-0.049445655196905139,"w":-0.8665667772293091},"size":1.294405221939087,"orthographic":false}