{"cameraMode":{"drawMode":0,"name":"Shaded","section":"Shading Mode"},"sceneLighting":false,"audioPlay":false,"sceneViewState":{"showFog":true,"showMaterialUpdate":false,"showSkybox":false,"showFlares":true,"showImageEffects":true,"showParticleSystems":true},"in2DMode":false,"pivot":{"x":-0.009999990463256836,"y":5.300000190734863,"z":-29.780000686645509},"rotation":{"x":-0.14883551001548768,"y":0.6950174570083618,"z":-0.15054640173912049,"w":-0.6871374249458313},"size":3.082206964492798,"orthographic":false}