{"cameraMode":{"drawMode":0,"name":"Shaded","section":"Shading Mode"},"sceneLighting":false,"audioPlay":false,"sceneViewState":{"showFog":true,"showMaterialUpdate":false,"showSkybox":false,"showFlares":true,"showImageEffects":true,"showParticleSystems":true},"in2DMode":false,"pivot":{"x":-0.34261250495910647,"y":0.2842196226119995,"z":-0.5792024731636047},"rotation":{"x":-0.0794970914721489,"y":0.7208766341209412,"z":-0.08386014401912689,"w":-0.6833734512329102},"size":2.8987796306610109,"orthographic":false}